id,title,year,genres,overview,keywords,cast,director,rating,vote_count,poster_path,combined_text
1,Inception,2010,"Action, Sci-Fi, Thriller","A thief who steals corporate secrets through the use of dream-sharing technology is given the inverse task of planting an idea into the mind of a C.E.O., but his tragic past may doom the project and his team to disaster.","dreams, subconscious, heist, mind-bending, reality manipulation, memory, guilt","Leonardo DiCaprio, Joseph Gordon-Levitt, Elliot Page, Tom Hardy, Ken Watanabe",Christopher Nolan,8.8,2400000,https://image.tmdb.org/t/p/w500/ljsZTbVsrQSqZgWeep2P1QiDKuh.jpg,"Inception. Genres: Action  Sci-Fi  Thriller. Overview: A thief who steals corporate secrets through the use of dream-sharing technology is given the inverse task of planting an idea into the mind of a C.E.O., but his tragic past may doom the project and his team to disaster. Themes and keywords: dreams, subconscious, heist, mind-bending, reality manipulation, memory, guilt. Starring: Leonardo DiCaprio, Joseph Gordon-Levitt, Elliot Page, Tom Hardy, Ken Watanabe. Directed by Christopher Nolan."
2,Interstellar,2014,"Adventure, Drama, Sci-Fi","When Earth becomes uninhabitable in the future, a farmer and ex-NASA pilot, Joseph Cooper, is tasked to pilot a spacecraft, along with a team of researchers, to find a new planet for humans across a mysterious wormhole near Saturn.","space exploration, wormhole, black hole, time dilation, father daughter, survival, love across dimensions","Matthew McConaughey, Anne Hathaway, Jessica Chastain, Michael Caine, Matt Damon",Christopher Nolan,8.7,2000000,https://image.tmdb.org/t/p/w500/gEU2QniE6E77NI6lCU6MxlNBvIx.jpg,"Interstellar. Genres: Adventure  Drama  Sci-Fi. Overview: When Earth becomes uninhabitable in the future, a farmer and ex-NASA pilot, Joseph Cooper, is tasked to pilot a spacecraft, along with a team of researchers, to find a new planet for humans across a mysterious wormhole near Saturn. Themes and keywords: space exploration, wormhole, black hole, time dilation, father daughter, survival, love across dimensions. Starring: Matthew McConaughey, Anne Hathaway, Jessica Chastain, Michael Caine, Matt Damon. Directed by Christopher Nolan."
3,The Matrix,1999,"Action, Sci-Fi","When a beautiful stranger leads computer hacker Neo to a forbidding underworld, he discovers the shocking truth--the life he knows is the elaborate deception of an evil cyber-intelligence.","cyberpunk, simulation, artificial intelligence, chosen one, martial arts, dystopian, reality","Keanu Reeves, Laurence Fishburne, Carrie-Anne Moss, Hugo Weaving, Joe Pantoliano","Lana Wachowski, Lilly Wachowski",8.7,2000000,https://image.tmdb.org/t/p/w500/f89U3ADr1oiB1s9GkdPOEpXUk5H.jpg,"The Matrix. Genres: Action  Sci-Fi. Overview: When a beautiful stranger leads computer hacker Neo to a forbidding underworld, he discovers the shocking truth--the life he knows is the elaborate deception of an evil cyber-intelligence. Themes and keywords: cyberpunk, simulation, artificial intelligence, chosen one, martial arts, dystopian, reality. Starring: Keanu Reeves, Laurence Fishburne, Carrie-Anne Moss, Hugo Weaving, Joe Pantoliano. Directed by Lana Wachowski, Lilly Wachowski."
4,Blade Runner 2049,2017,"Action, Drama, Mystery, Sci-Fi, Thriller","Young Blade Runner K's discovery of a long-buried secret leads him to track down former Blade Runner Rick Deckard, who's been missing for thirty years, threatening what remains of society.","cyberpunk, replicants, existential, artificial intelligence, dystopian, loneliness, atmospheric, visual masterpiece","Ryan Gosling, Harrison Ford, Ana de Armas, Sylvia Hoeks, Robin Wright",Denis Villeneuve,8.0,650000,https://image.tmdb.org/t/p/w500/gajva2L0rPYkEWjzgFlBXCAVBE5.jpg,"Blade Runner 2049. Genres: Action  Drama  Mystery  Sci-Fi  Thriller. Overview: Young Blade Runner K's discovery of a long-buried secret leads him to track down former Blade Runner Rick Deckard, who's been missing for thirty years, threatening what remains of society. Themes and keywords: cyberpunk, replicants, existential, artificial intelligence, dystopian, loneliness, atmospheric, visual masterpiece. Starring: Ryan Gosling, Harrison Ford, Ana de Armas, Sylvia Hoeks, Robin Wright. Directed by Denis Villeneuve."
5,Arrival,2016,"Drama, Mystery, Sci-Fi","Linguistics professor Louise Banks leads an elite team of investigators when gigantic spaceships touch down in 12 locations around the world. As humanity teeters on the verge of global war, Banks must learn to communicate with alien visitors.","alien contact, linguistics, non-linear time, emotional twist, grief, motherhood, world peace, thoughtful sci-fi","Amy Adams, Jeremy Renner, Forest Whitaker, Michael Stuhlbarg, Tzi Ma",Denis Villeneuve,7.9,750000,https://image.tmdb.org/t/p/w500/x2O0O229ITx6igAgiT6J9N8vvNk.jpg,"Arrival. Genres: Drama  Mystery  Sci-Fi. Overview: Linguistics professor Louise Banks leads an elite team of investigators when gigantic spaceships touch down in 12 locations around the world. As humanity teeters on the verge of global war, Banks must learn to communicate with alien visitors. Themes and keywords: alien contact, linguistics, non-linear time, emotional twist, grief, motherhood, world peace, thoughtful sci-fi. Starring: Amy Adams, Jeremy Renner, Forest Whitaker, Michael Stuhlbarg, Tzi Ma. Directed by Denis Villeneuve."
6,Dune: Part Two,2024,"Action, Adventure, Drama, Sci-Fi","Paul Atreides unites with Chani and the Fremen while seeking revenge against the conspirators who destroyed his family. Facing a choice between the love of his life and the fate of the universe, he endeavors to prevent a terrible future.","desert, prophecy, messiah, giant sandworms, space empire, revenge, epic scale, war","Timothée Chalamet, Zendaya, Rebecca Ferguson, Javier Bardem, Austin Butler, Florence Pugh",Denis Villeneuve,8.6,480000,https://image.tmdb.org/t/p/w500/1pdfLvkbY9ohJlCjQH2CZjjYVvJ.jpg,"Dune: Part Two. Genres: Action  Adventure  Drama  Sci-Fi. Overview: Paul Atreides unites with Chani and the Fremen while seeking revenge against the conspirators who destroyed his family. Facing a choice between the love of his life and the fate of the universe, he endeavors to prevent a terrible future. Themes and keywords: desert, prophecy, messiah, giant sandworms, space empire, revenge, epic scale, war. Starring: Timothée Chalamet, Zendaya, Rebecca Ferguson, Javier Bardem, Austin Butler, Florence Pugh. Directed by Denis Villeneuve."
7,Eternal Sunshine of the Spotless Mind,2004,"Drama, Romance, Sci-Fi","When their relationship turns sour, a couple undergoes a medical procedure to have each other erased from their memories. As his memories vanish, he realizes he still loves her.","memory erasure, heartbreak, romantic drama, surrealism, bittersweet, human connection, psychological romance","Jim Carrey, Kate Winslet, Kirsten Dunst, Mark Ruffalo, Elijah Wood",Michel Gondry,8.3,1100000,https://image.tmdb.org/t/p/w500/5MwkWH9tYHv3mV9OdYTMR5qreIz.jpg,"Eternal Sunshine of the Spotless Mind. Genres: Drama  Romance  Sci-Fi. Overview: When their relationship turns sour, a couple undergoes a medical procedure to have each other erased from their memories. As his memories vanish, he realizes he still loves her. Themes and keywords: memory erasure, heartbreak, romantic drama, surrealism, bittersweet, human connection, psychological romance. Starring: Jim Carrey, Kate Winslet, Kirsten Dunst, Mark Ruffalo, Elijah Wood. Directed by Michel Gondry."
8,Her,2013,"Drama, Romance, Sci-Fi","In a near future, a lonely writer develops an unlikely relationship with an operating system designed to meet his every need.","artificial intelligence, loneliness, modern relationships, melancholy, intimacy, futuristic, soul connection","Joaquin Phoenix, Scarlett Johansson, Amy Adams, Rooney Mara, Chris Pratt",Spike Jonze,8.0,700000,https://image.tmdb.org/t/p/w500/yk4J4aC059v9LtNV9Fd01fMh9ne.jpg,"Her. Genres: Drama  Romance  Sci-Fi. Overview: In a near future, a lonely writer develops an unlikely relationship with an operating system designed to meet his every need. Themes and keywords: artificial intelligence, loneliness, modern relationships, melancholy, intimacy, futuristic, soul connection. Starring: Joaquin Phoenix, Scarlett Johansson, Amy Adams, Rooney Mara, Chris Pratt. Directed by Spike Jonze."
9,The Prestige,2006,"Drama, Mystery, Sci-Fi, Thriller","After a tragic accident, two stage magicians in Victorian London engage in a battle to create the ultimate illusion while sacrificing everything they have to outwit each other.","magicians, rivalry, obsession, shocking twist, teleportation, Victorian era, sacrifice, revenge","Christian Bale, Hugh Jackman, Scarlett Johansson, Michael Caine, David Bowie",Christopher Nolan,8.5,1400000,https://image.tmdb.org/t/p/w500/tRNlZbgNCNOpLpbPEz5L8G8A0JN.jpg,"The Prestige. Genres: Drama  Mystery  Sci-Fi  Thriller. Overview: After a tragic accident, two stage magicians in Victorian London engage in a battle to create the ultimate illusion while sacrificing everything they have to outwit each other. Themes and keywords: magicians, rivalry, obsession, shocking twist, teleportation, Victorian era, sacrifice, revenge. Starring: Christian Bale, Hugh Jackman, Scarlett Johansson, Michael Caine, David Bowie. Directed by Christopher Nolan."
10,Ex Machina,2014,"Drama, Sci-Fi, Thriller",A young programmer is selected to participate in a ground-breaking experiment in synthetic intelligence by evaluating the human qualities of a highly advanced humanoid A.I.,"Turing test, artificial intelligence, manipulation, psychological tension, isolated facility, deception, android","Alicia Vikander, Domhnall Gleeson, Oscar Isaac, Sonoya Mizuno",Alex Garland,7.7,560000,https://image.tmdb.org/t/p/w500/btbRB7BrD88799HA9yQ9v3WzYfM.jpg,"Ex Machina. Genres: Drama  Sci-Fi  Thriller. Overview: A young programmer is selected to participate in a ground-breaking experiment in synthetic intelligence by evaluating the human qualities of a highly advanced humanoid A.I. Themes and keywords: Turing test, artificial intelligence, manipulation, psychological tension, isolated facility, deception, android. Starring: Alicia Vikander, Domhnall Gleeson, Oscar Isaac, Sonoya Mizuno. Directed by Alex Garland."
11,Everything Everywhere All at Once,2022,"Action, Adventure, Comedy, Sci-Fi",A middle-aged Chinese immigrant is swept up into an insane adventure in which she alone can save existence by exploring other universes and connecting with the lives she could have led.,"multiverse, family, mother daughter, nihilism, existentialism, absurdity, martial arts, emotional healing","Michelle Yeoh, Stephanie Hsu, Ke Huy Quan, Jamie Lee Curtis, James Hong","Daniel Kwan, Daniel Scheinert",8.1,520000,https://image.tmdb.org/t/p/w500/w3LxiVYPqRLexPkaekcr9vg57J7.jpg,"Everything Everywhere All at Once. Genres: Action  Adventure  Comedy  Sci-Fi. Overview: A middle-aged Chinese immigrant is swept up into an insane adventure in which she alone can save existence by exploring other universes and connecting with the lives she could have led. Themes and keywords: multiverse, family, mother daughter, nihilism, existentialism, absurdity, martial arts, emotional healing. Starring: Michelle Yeoh, Stephanie Hsu, Ke Huy Quan, Jamie Lee Curtis, James Hong. Directed by Daniel Kwan, Daniel Scheinert."
12,Tenet,2020,"Action, Sci-Fi, Thriller","Armed with only one word, Tenet, and fighting for the survival of the entire world, a Protagonist journeys through a twilight world of international espionage on a mission that will unfold in something beyond real time.","time inversion, espionage, mind-bending, temporal warfare, paradoxes, high concept action, blockbuster","John David Washington, Robert Pattinson, Elizabeth Debicki, Kenneth Branagh",Christopher Nolan,7.3,580000,https://image.tmdb.org/t/p/w500/aCIFMriQ2vtJHNxQIASIGjgOkbt.jpg,"Tenet. Genres: Action  Sci-Fi  Thriller. Overview: Armed with only one word, Tenet, and fighting for the survival of the entire world, a Protagonist journeys through a twilight world of international espionage on a mission that will unfold in something beyond real time. Themes and keywords: time inversion, espionage, mind-bending, temporal warfare, paradoxes, high concept action, blockbuster. Starring: John David Washington, Robert Pattinson, Elizabeth Debicki, Kenneth Branagh. Directed by Christopher Nolan."
13,Shutter Island,2010,"Mystery, Thriller","In 1954, a U.S. Marshal investigates the disappearance of a murderer who escaped from a hospital for the criminally insane on a remote island, only to discover terrifying secrets about the facility and himself.","psychiatric hospital, shocking twist, paranoia, mental health, conspiracy, hallucination, grief, guilt","Leonardo DiCaprio, Mark Ruffalo, Ben Kingsley, Michelle Williams, Max von Sydow",Martin Scorsese,8.2,1450000,https://image.tmdb.org/t/p/w500/kve20tXwUZpu4GUX8l6X7Z4QIIL.jpg,"Shutter Island. Genres: Mystery  Thriller. Overview: In 1954, a U.S. Marshal investigates the disappearance of a murderer who escaped from a hospital for the criminally insane on a remote island, only to discover terrifying secrets about the facility and himself. Themes and keywords: psychiatric hospital, shocking twist, paranoia, mental health, conspiracy, hallucination, grief, guilt. Starring: Leonardo DiCaprio, Mark Ruffalo, Ben Kingsley, Michelle Williams, Max von Sydow. Directed by Martin Scorsese."
14,Fight Club,1999,"Action, Drama, Thriller","An insomniac office worker and a devil-may-care soap maker form an underground fight club that evolves into much more, challenging corporate conformity and male identity.","insomnia, alter ego, underground fight club, anti-consumerism, shocking twist, psychological breakdown, cult classic","Brad Pitt, Edward Norton, Helena Bonham Carter, Meat Loaf, Jared Leto",David Fincher,8.8,2300000,https://image.tmdb.org/t/p/w500/pB8BM7pdSp6B6Ih7QZ4DrQ3PmJK.jpg,"Fight Club. Genres: Action  Drama  Thriller. Overview: An insomniac office worker and a devil-may-care soap maker form an underground fight club that evolves into much more, challenging corporate conformity and male identity. Themes and keywords: insomnia, alter ego, underground fight club, anti-consumerism, shocking twist, psychological breakdown, cult classic. Starring: Brad Pitt, Edward Norton, Helena Bonham Carter, Meat Loaf, Jared Leto. Directed by David Fincher."
15,Se7en,1995,"Crime, Drama, Mystery, Thriller","Two detectives, a rookie and a veteran, hunt a serial killer who uses the seven deadly sins as his motives in a perpetually rain-soaked, morally bankrupt metropolis.","serial killer, seven deadly sins, dark noir, shocking ending, detectives, moral decay, psychological horror","Morgan Freeman, Brad Pitt, Kevin Spacey, Gwyneth Paltrow, John C. McGinley",David Fincher,8.6,1800000,https://image.tmdb.org/t/p/w500/6yoghtyTBoPmuZzhi0PuhPnWqPt.jpg,"Se7en. Genres: Crime  Drama  Mystery  Thriller. Overview: Two detectives, a rookie and a veteran, hunt a serial killer who uses the seven deadly sins as his motives in a perpetually rain-soaked, morally bankrupt metropolis. Themes and keywords: serial killer, seven deadly sins, dark noir, shocking ending, detectives, moral decay, psychological horror. Starring: Morgan Freeman, Brad Pitt, Kevin Spacey, Gwyneth Paltrow, John C. McGinley. Directed by David Fincher."
16,The Silence of the Lambs,1991,"Crime, Drama, Thriller","A young F.B.I. cadet must receive the help of an incarcerated and manipulative cannibal killer to help catch another serial killer, a madman who skins his victims.","Hannibal Lecter, FBI, psychological game, serial killer, cannibal, suspense, mind games, iconic villain","Jodie Foster, Anthony Hopkins, Scott Glenn, Ted Levine, Anthony Heald",Jonathan Demme,8.6,1500000,https://image.tmdb.org/t/p/w500/uS9m8OBk1A8eM9I042bx8XXpqAq.jpg,"The Silence of the Lambs. Genres: Crime  Drama  Thriller. Overview: A young F.B.I. cadet must receive the help of an incarcerated and manipulative cannibal killer to help catch another serial killer, a madman who skins his victims. Themes and keywords: Hannibal Lecter, FBI, psychological game, serial killer, cannibal, suspense, mind games, iconic villain. Starring: Jodie Foster, Anthony Hopkins, Scott Glenn, Ted Levine, Anthony Heald. Directed by Jonathan Demme."
17,Parasite,2019,"Drama, Thriller",Greed and class discrimination threaten the newly formed symbiotic relationship between the wealthy Park family and the destitute Kim clan in Seoul.,"class struggle, social satire, dark comedy, home invasion, shocking twists, wealth inequality, suspense","Song Kang-ho, Lee Sun-kyun, Cho Yeo-jeong, Choi Woo-shik, Park So-dam",Bong Joon Ho,8.5,920000,https://image.tmdb.org/t/p/w500/7IiTTgloJzvGI1TAYymCfbfl3vT.jpg,"Parasite. Genres: Drama  Thriller. Overview: Greed and class discrimination threaten the newly formed symbiotic relationship between the wealthy Park family and the destitute Kim clan in Seoul. Themes and keywords: class struggle, social satire, dark comedy, home invasion, shocking twists, wealth inequality, suspense. Starring: Song Kang-ho, Lee Sun-kyun, Cho Yeo-jeong, Choi Woo-shik, Park So-dam. Directed by Bong Joon Ho."
18,Gone Girl,2014,"Drama, Mystery, Thriller","With his wife's disappearance having become the focus of an intense media circus, a man sees the spotlight turned on him when it's suspected that he may not be innocent.","toxic marriage, psychopathic deception, media frenzy, framing, unreliable narrator, shocking twist, dark satire","Ben Affleck, Rosamund Pike, Neil Patrick Harris, Tyler Perry, Carrie Coon",David Fincher,8.1,1050000,https://image.tmdb.org/t/p/w500/qymaJhucquUwjpb8DYBPynqTk5L.jpg,"Gone Girl. Genres: Drama  Mystery  Thriller. Overview: With his wife's disappearance having become the focus of an intense media circus, a man sees the spotlight turned on him when it's suspected that he may not be innocent. Themes and keywords: toxic marriage, psychopathic deception, media frenzy, framing, unreliable narrator, shocking twist, dark satire. Starring: Ben Affleck, Rosamund Pike, Neil Patrick Harris, Tyler Perry, Carrie Coon. Directed by David Fincher."
19,Prisoners,2013,"Crime, Drama, Mystery, Thriller","When Keller Dover's daughter and her friend go missing, he takes matters into his own hands as the police pursue multiple leads and the pressure mounts.","abduction, vigilante justice, morality, detective, bleak atmosphere, intense suspense, parental desperation","Hugh Jackman, Jake Gyllenhaal, Viola Davis, Maria Bello, Paul Dano",Denis Villeneuve,8.1,780000,https://image.tmdb.org/t/p/w500/tuZhZ6biFMr5n9Y2hX0yE0F1E2K.jpg,"Prisoners. Genres: Crime  Drama  Mystery  Thriller. Overview: When Keller Dover's daughter and her friend go missing, he takes matters into his own hands as the police pursue multiple leads and the pressure mounts. Themes and keywords: abduction, vigilante justice, morality, detective, bleak atmosphere, intense suspense, parental desperation. Starring: Hugh Jackman, Jake Gyllenhaal, Viola Davis, Maria Bello, Paul Dano. Directed by Denis Villeneuve."
20,Zodiac,2007,"Crime, Drama, History, Mystery, Thriller","Between 1968 and 1983, a San Francisco cartoonist becomes an amateur detective obsessed with tracking down the Zodiac Killer, an unidentified murderer who terrorizes northern California with cryptograms.","unsolved mystery, obsession, serial killer, journalism, cipher, 1970s, police investigation, tension","Jake Gyllenhaal, Mark Ruffalo, Robert Downey Jr., Anthony Edwards, Brian Cox",David Fincher,7.7,620000,https://image.tmdb.org/t/p/w500/6iyTf9E6zP45V1zH1W9s6t9yC1G.jpg,"Zodiac. Genres: Crime  Drama  History  Mystery  Thriller. Overview: Between 1968 and 1983, a San Francisco cartoonist becomes an amateur detective obsessed with tracking down the Zodiac Killer, an unidentified murderer who terrorizes northern California with cryptograms. Themes and keywords: unsolved mystery, obsession, serial killer, journalism, cipher, 1970s, police investigation, tension. Starring: Jake Gyllenhaal, Mark Ruffalo, Robert Downey Jr., Anthony Edwards, Brian Cox. Directed by David Fincher."
21,Memento,2000,"Mystery, Thriller",A man with short-term memory loss attempts to track down his wife's murderer using a complex system of Polaroid photographs and tattoos.,"anterograde amnesia, reverse chronology, shocking twist, revenge, unreliable narrator, deception, psychological","Guy Pearce, Carrie-Anne Moss, Joe Pantoliano, Mark Boone Junior",Christopher Nolan,8.4,1300000,https://image.tmdb.org/t/p/w500/yuNs09hvpHVU1cBTCAk9z9Sp2D.jpg,"Memento. Genres: Mystery  Thriller. Overview: A man with short-term memory loss attempts to track down his wife's murderer using a complex system of Polaroid photographs and tattoos. Themes and keywords: anterograde amnesia, reverse chronology, shocking twist, revenge, unreliable narrator, deception, psychological. Starring: Guy Pearce, Carrie-Anne Moss, Joe Pantoliano, Mark Boone Junior. Directed by Christopher Nolan."
22,Nightcrawler,2014,"Crime, Drama, Thriller","When Louis Bloom, a con man desperate for work, muscles into the world of L.A. crime journalism, he blurs the line between observer and participant to become the star of his own story.","sociopath, freelance journalism, nocturnal LA, moral decay, obsession, sensationalism, dark ambition","Jake Gyllenhaal, Rene Russo, Bill Paxton, Riz Ahmed",Dan Gilroy,7.8,580000,https://image.tmdb.org/t/p/w500/8A7U4mF17uT7xM0zN1V3yM9pP8x.jpg,"Nightcrawler. Genres: Crime  Drama  Thriller. Overview: When Louis Bloom, a con man desperate for work, muscles into the world of L.A. crime journalism, he blurs the line between observer and participant to become the star of his own story. Themes and keywords: sociopath, freelance journalism, nocturnal LA, moral decay, obsession, sensationalism, dark ambition. Starring: Jake Gyllenhaal, Rene Russo, Bill Paxton, Riz Ahmed. Directed by Dan Gilroy."
23,Get Out,2017,"Horror, Mystery, Thriller","A young African-American visits his white girlfriend's parents for the weekend, where his simmering uneasiness about their reception of him eventually reaches a boiling point.","social horror, psychological thriller, hypnotism, conspiracy, racism, shocking twist, suspense","Daniel Kaluuya, Allison Williams, Bradley Whitford, Catherine Keener, Lil Rel Howery",Jordan Peele,7.8,680000,https://image.tmdb.org/t/p/w500/tFXcEccSQMf3lfhfXKSU9iRBpa3.jpg,"Get Out. Genres: Horror  Mystery  Thriller. Overview: A young African-American visits his white girlfriend's parents for the weekend, where his simmering uneasiness about their reception of him eventually reaches a boiling point. Themes and keywords: social horror, psychological thriller, hypnotism, conspiracy, racism, shocking twist, suspense. Starring: Daniel Kaluuya, Allison Williams, Bradley Whitford, Catherine Keener, Lil Rel Howery. Directed by Jordan Peele."
24,Hereditary,2018,"Drama, Horror, Mystery, Thriller",A grieving family is haunted by tragic and disturbing occurrences after the death of their secretive grandmother.,"grief, demonic cult, family trauma, disturbing horror, occult, psychological breakdown, terrifying","Toni Collette, Alex Wolff, Milly Shapiro, Gabriel Byrne, Ann Dowd",Ari Aster,7.3,420000,https://image.tmdb.org/t/p/w500/p9fmuz2Oj3o4U04cM13iQz7k8bW.jpg,"Hereditary. Genres: Drama  Horror  Mystery  Thriller. Overview: A grieving family is haunted by tragic and disturbing occurrences after the death of their secretive grandmother. Themes and keywords: grief, demonic cult, family trauma, disturbing horror, occult, psychological breakdown, terrifying. Starring: Toni Collette, Alex Wolff, Milly Shapiro, Gabriel Byrne, Ann Dowd. Directed by Ari Aster."
25,The Dark Knight,2008,"Action, Crime, Drama, Thriller","When the menace known as the Joker wreaks havoc and chaos on the people of Gotham, Batman must accept one of the greatest psychological and physical tests of his ability to fight injustice.","Joker, chaos vs order, moral dilemmas, vigilante, crime epic, high stakes, masterclass acting, superhero","Christian Bale, Heath Ledger, Aaron Eckhart, Michael Caine, Maggie Gyllenhaal, Gary Oldman, Morgan Freeman",Christopher Nolan,9.0,2900000,https://image.tmdb.org/t/p/w500/qJ2tW6WMUDux911r6m7haRef0WH.jpg,"The Dark Knight. Genres: Action  Crime  Drama  Thriller. Overview: When the menace known as the Joker wreaks havoc and chaos on the people of Gotham, Batman must accept one of the greatest psychological and physical tests of his ability to fight injustice. Themes and keywords: Joker, chaos vs order, moral dilemmas, vigilante, crime epic, high stakes, masterclass acting, superhero. Starring: Christian Bale, Heath Ledger, Aaron Eckhart, Michael Caine, Maggie Gyllenhaal, Gary Oldman, Morgan Freeman. Directed by Christopher Nolan."
26,The Godfather,1972,"Crime, Drama",The aging patriarch of an organized crime dynasty transfers control of his clandestine empire to his reluctant youngest son.,"mafia, family loyalty, power corruption, Italian-American, organized crime, moral descent, cinema classic","Marlon Brando, Al Pacino, James Caan, Robert Duvall, Diane Keaton",Francis Ford Coppola,9.2,2000000,https://image.tmdb.org/t/p/w500/3bhkrj58Vtu7enYsRolD1fZdja1.jpg,"The Godfather. Genres: Crime  Drama. Overview: The aging patriarch of an organized crime dynasty transfers control of his clandestine empire to his reluctant youngest son. Themes and keywords: mafia, family loyalty, power corruption, Italian-American, organized crime, moral descent, cinema classic. Starring: Marlon Brando, Al Pacino, James Caan, Robert Duvall, Diane Keaton. Directed by Francis Ford Coppola."
27,Pulp Fiction,1994,"Crime, Drama","The lives of two mob hitmen, a boxer, a gangster and his wife, and a pair of diner bandits intertwine in four tales of violence and redemption.","non-linear storytelling, witty dialogue, hitmen, pop culture, organized crime, dark comedy, iconic soundtrack","John Travolta, Samuel L. Jackson, Uma Thurman, Bruce Willis, Ving Rhames",Quentin Tarantino,8.9,2200000,https://image.tmdb.org/t/p/w500/d5iIlFnGhFvl09Y77bK75T09xsm.jpg,"Pulp Fiction. Genres: Crime  Drama. Overview: The lives of two mob hitmen, a boxer, a gangster and his wife, and a pair of diner bandits intertwine in four tales of violence and redemption. Themes and keywords: non-linear storytelling, witty dialogue, hitmen, pop culture, organized crime, dark comedy, iconic soundtrack. Starring: John Travolta, Samuel L. Jackson, Uma Thurman, Bruce Willis, Ving Rhames. Directed by Quentin Tarantino."
28,Goodfellas,1990,"Biography, Crime, Drama","The story of Henry Hill and his life in the mob, covering his relationship with his wife Karen Hill and his mob partners Jimmy Conway and Tommy DeVito in the Italian-American crime syndicate.","mobsters, Brooklyn mafia, rise and fall, cocaine, heist, fast-paced, based on true story, voiceover","Robert De Niro, Ray Liotta, Joe Pesci, Lorraine Bracco, Paul Sorvino",Martin Scorsese,8.7,1300000,https://image.tmdb.org/t/p/w500/aKuFiU82s5ISJpGZZ79RuvX7hIe.jpg,"Goodfellas. Genres: Biography  Crime  Drama. Overview: The story of Henry Hill and his life in the mob, covering his relationship with his wife Karen Hill and his mob partners Jimmy Conway and Tommy DeVito in the Italian-American crime syndicate. Themes and keywords: mobsters, Brooklyn mafia, rise and fall, cocaine, heist, fast-paced, based on true story, voiceover. Starring: Robert De Niro, Ray Liotta, Joe Pesci, Lorraine Bracco, Paul Sorvino. Directed by Martin Scorsese."
29,Mad Max: Fury Road,2015,"Action, Adventure, Sci-Fi","In a post-apocalyptic wasteland, a woman rebels against a tyrannical ruler in search for her homeland with the aid of a group of female prisoners, a psychotic worshiper, and a drifter named Max.","post-apocalypse, relentless vehicular chase, feminist rebellion, desert wasteland, practical stunts, octane adrenaline","Tom Hardy, Charlize Theron, Nicholas Hoult, Hugh Keays-Byrne, Zoe Kravitz",George Miller,8.1,1100000,https://image.tmdb.org/t/p/w500/8tZYtuWezp8JbcsvHYO0O46tFbo.jpg,"Mad Max: Fury Road. Genres: Action  Adventure  Sci-Fi. Overview: In a post-apocalyptic wasteland, a woman rebels against a tyrannical ruler in search for her homeland with the aid of a group of female prisoners, a psychotic worshiper, and a drifter named Max. Themes and keywords: post-apocalypse, relentless vehicular chase, feminist rebellion, desert wasteland, practical stunts, octane adrenaline. Starring: Tom Hardy, Charlize Theron, Nicholas Hoult, Hugh Keays-Byrne, Zoe Kravitz. Directed by George Miller."
30,Gladiator,2000,"Action, Adventure, Drama",A former Roman General sets out to exact vengeance against the corrupt emperor who murdered his family and sent him into slavery.,"ancient Rome, colosseum, vengeance, honor, sword fighting, epic spectacle, tragic hero","Russell Crowe, Joaquin Phoenix, Connie Nielsen, Oliver Reed, Richard Harris",Ridley Scott,8.5,1600000,https://image.tmdb.org/t/p/w500/ty8TGRuvJLPUmAR1H1nRIsgwvim.jpg,"Gladiator. Genres: Action  Adventure  Drama. Overview: A former Roman General sets out to exact vengeance against the corrupt emperor who murdered his family and sent him into slavery. Themes and keywords: ancient Rome, colosseum, vengeance, honor, sword fighting, epic spectacle, tragic hero. Starring: Russell Crowe, Joaquin Phoenix, Connie Nielsen, Oliver Reed, Richard Harris. Directed by Ridley Scott."
31,Oppenheimer,2023,"Biography, Drama, History",The story of American scientist J. Robert Oppenheimer and his role in the development of the atomic bomb during the Manhattan Project.,"atomic bomb, nuclear physics, moral guilt, McCarthyism, political betrayal, historical drama, intense score","Cillian Murphy, Emily Blunt, Matt Damon, Robert Downey Jr., Florence Pugh",Christopher Nolan,8.9,820000,https://image.tmdb.org/t/p/w500/8Gxv8gSFCU0XGDykEGv7zR1n2ua.jpg,"Oppenheimer. Genres: Biography  Drama  History. Overview: The story of American scientist J. Robert Oppenheimer and his role in the development of the atomic bomb during the Manhattan Project. Themes and keywords: atomic bomb, nuclear physics, moral guilt, McCarthyism, political betrayal, historical drama, intense score. Starring: Cillian Murphy, Emily Blunt, Matt Damon, Robert Downey Jr., Florence Pugh. Directed by Christopher Nolan."
32,Django Unchained,2012,"Drama, Western","With the help of a German bounty hunter, a freed slave sets out to rescue his wife from a brutal Mississippi plantation owner.","bounty hunter, antebellum South, revenge, explosive violence, stylized Western, witty dialogue","Jamie Foxx, Christoph Waltz, Leonardo DiCaprio, Kerry Washington, Samuel L. Jackson",Quentin Tarantino,8.5,1700000,https://image.tmdb.org/t/p/w500/7oWY8vdWW7thTzEN3Y9P9hgqQ37.jpg,"Django Unchained. Genres: Drama  Western. Overview: With the help of a German bounty hunter, a freed slave sets out to rescue his wife from a brutal Mississippi plantation owner. Themes and keywords: bounty hunter, antebellum South, revenge, explosive violence, stylized Western, witty dialogue. Starring: Jamie Foxx, Christoph Waltz, Leonardo DiCaprio, Kerry Washington, Samuel L. Jackson. Directed by Quentin Tarantino."
33,Superbad,2007,Comedy,Two co-dependent high school seniors are forced to deal with separation anxiety after their plan to stage a booze-soaked party goes awry.,"high school, best friends, funny party, coming of age, McLovin, fake ID, friendship comedy","Jonah Hill, Michael Cera, Christopher Mintz-Plasse, Bill Hader, Seth Rogen, Emma Stone",Greg Mottola,7.6,650000,https://image.tmdb.org/t/p/w500/ek8e8txUyUv18qBuGhmc59Nd1bs.jpg,"Superbad. Genres: Comedy. Overview: Two co-dependent high school seniors are forced to deal with separation anxiety after their plan to stage a booze-soaked party goes awry. Themes and keywords: high school, best friends, funny party, coming of age, McLovin, fake ID, friendship comedy. Starring: Jonah Hill, Michael Cera, Christopher Mintz-Plasse, Bill Hader, Seth Rogen, Emma Stone. Directed by Greg Mottola."
34,The Grand Budapest Hotel,2014,"Adventure, Comedy, Crime","A writer encounters the owner of an aging high-class hotel, who tells him of his early years serving as a lobby boy in the hotel's glorious years under an exceptional concierge.","whimsical, symmetrical visuals, concierge, stolen painting, quirky humor, friendship, pastel aesthetic","Ralph Fiennes, F. Murray Abraham, Mathieu Amalric, Adrien Brody, Willem Dafoe, Saoirse Ronan",Wes Anderson,8.1,920000,https://image.tmdb.org/t/p/w500/eWdyYQreja6JGCzqHWXpWHDrrPo.jpg,"The Grand Budapest Hotel. Genres: Adventure  Comedy  Crime. Overview: A writer encounters the owner of an aging high-class hotel, who tells him of his early years serving as a lobby boy in the hotel's glorious years under an exceptional concierge. Themes and keywords: whimsical, symmetrical visuals, concierge, stolen painting, quirky humor, friendship, pastel aesthetic. Starring: Ralph Fiennes, F. Murray Abraham, Mathieu Amalric, Adrien Brody, Willem Dafoe, Saoirse Ronan. Directed by Wes Anderson."
35,La La Land,2016,"Comedy, Drama, Music, Romance","While navigating their careers in Los Angeles, a pianist and an actress fall in love while attempting to reconcile their aspirations for the future.","jazz, Hollywood dreams, bittersweet romance, musical numbers, nostalgia, ambition vs love, stunning cinematography","Ryan Gosling, Emma Stone, John Legend, Rosemarie DeWitt, J.K. Simmons",Damien Chazelle,8.0,680000,https://image.tmdb.org/t/p/w500/uDO8zWDhfWwoFdKS4fzkVJt0Rf0.jpg,"La La Land. Genres: Comedy  Drama  Music  Romance. Overview: While navigating their careers in Los Angeles, a pianist and an actress fall in love while attempting to reconcile their aspirations for the future. Themes and keywords: jazz, Hollywood dreams, bittersweet romance, musical numbers, nostalgia, ambition vs love, stunning cinematography. Starring: Ryan Gosling, Emma Stone, John Legend, Rosemarie DeWitt, J.K. Simmons. Directed by Damien Chazelle."
36,The Hangover,2009,Comedy,"Three buddies wake up from a bachelor party in Las Vegas, with no memory of the previous night and the bachelor missing. They make their way around the city in order to find their friend before his wedding.","bachelor party, Las Vegas, memory loss, crazy mystery, tiger in bathroom, hilarious buddy adventure","Bradley Cooper, Ed Helms, Zach Galifianakis, Justin Bartha, Ken Jeong",Todd Phillips,7.7,850000,https://image.tmdb.org/t/p/w500/ulHQB0rC1wG6VqP4w7v5vF4F4YQ.jpg,"The Hangover. Genres: Comedy. Overview: Three buddies wake up from a bachelor party in Las Vegas, with no memory of the previous night and the bachelor missing. They make their way around the city in order to find their friend before his wedding. Themes and keywords: bachelor party, Las Vegas, memory loss, crazy mystery, tiger in bathroom, hilarious buddy adventure. Starring: Bradley Cooper, Ed Helms, Zach Galifianakis, Justin Bartha, Ken Jeong. Directed by Todd Phillips."
37,500 Days of Summer,2009,"Comedy, Drama, Romance","An offbeat romantic comedy about a woman who doesn't believe true love exists, and the young man who falls for her.","non-linear romance, heartbreak, realistic love, indie soundtrack, expectation vs reality, growth","Joseph Gordon-Levitt, Zooey Deschanel, Geoffrey Arend, Chloe Grace Moretz",Marc Webb,7.7,550000,https://image.tmdb.org/t/p/w500/f9mbM0Y6RwxPp4BhBg3OPg09Y6.jpg,"500 Days of Summer. Genres: Comedy  Drama  Romance. Overview: An offbeat romantic comedy about a woman who doesn't believe true love exists, and the young man who falls for her. Themes and keywords: non-linear romance, heartbreak, realistic love, indie soundtrack, expectation vs reality, growth. Starring: Joseph Gordon-Levitt, Zooey Deschanel, Geoffrey Arend, Chloe Grace Moretz. Directed by Marc Webb."
38,Before Sunrise,1995,"Drama, Romance","A young man and woman meet on a train in Europe, and wind up spending one evening together in Vienna. Unfortunately, both know that this will probably be their only night together.","Vienna, deep conversation, fleeting romance, connection, philosophical dialogue, romantic walk","Ethan Hawke, Julie Delpy, Andrea Eckert, Hanno Pöschl",Richard Linklater,8.1,350000,https://image.tmdb.org/t/p/w500/kf1Jb14a8Y4y3F5R9q7hG0h3C9.jpg,"Before Sunrise. Genres: Drama  Romance. Overview: A young man and woman meet on a train in Europe, and wind up spending one evening together in Vienna. Unfortunately, both know that this will probably be their only night together. Themes and keywords: Vienna, deep conversation, fleeting romance, connection, philosophical dialogue, romantic walk. Starring: Ethan Hawke, Julie Delpy, Andrea Eckert, Hanno Pöschl. Directed by Richard Linklater."
39,About Time,2013,"Comedy, Drama, Fantasy, Romance, Sci-Fi","At the age of 21, Tim discovers he can travel in time and change what happens and has happened in his own life. His decision to make his world a better place by getting a girlfriend turns out not to be as easy as you might think.","time travel, father son relationship, tearjerker, appreciate life, warm romance, heartwarming, British humor","Domhnall Gleeson, Rachel McAdams, Bill Nighy, Lydia Wilson, Margot Robbie",Richard Curtis,7.8,420000,https://image.tmdb.org/t/p/w500/q2iV5PZ9f1X8a7y9Q9M6N8L9q7.jpg,"About Time. Genres: Comedy  Drama  Fantasy  Romance  Sci-Fi. Overview: At the age of 21, Tim discovers he can travel in time and change what happens and has happened in his own life. His decision to make his world a better place by getting a girlfriend turns out not to be as easy as you might think. Themes and keywords: time travel, father son relationship, tearjerker, appreciate life, warm romance, heartwarming, British humor. Starring: Domhnall Gleeson, Rachel McAdams, Bill Nighy, Lydia Wilson, Margot Robbie. Directed by Richard Curtis."
40,Whiplash,2014,"Drama, Music",A promising young drummer enrolls at a cut-throat music conservatory where his dreams of greatness are mentored by an instructor who will stop at nothing to realize a student's potential.,"jazz drumming, abusive mentor, perfectionism, intense psychological battle, blood sweat tears, electric climax","Miles Teller, J.K. Simmons, Paul Reiser, Melissa Benoist, Austin Stowell",Damien Chazelle,8.5,1000000,https://image.tmdb.org/t/p/w500/7fn624j5lj3xTme2SgiLCeuedmO.jpg,"Whiplash. Genres: Drama  Music. Overview: A promising young drummer enrolls at a cut-throat music conservatory where his dreams of greatness are mentored by an instructor who will stop at nothing to realize a student's potential. Themes and keywords: jazz drumming, abusive mentor, perfectionism, intense psychological battle, blood sweat tears, electric climax. Starring: Miles Teller, J.K. Simmons, Paul Reiser, Melissa Benoist, Austin Stowell. Directed by Damien Chazelle."
41,Spirited Away,2001,"Adventure, Animation, Family, Fantasy","During her family's move to the suburbs, a sullen 10-year-old girl wanders into a world ruled by gods, witches, and spirits, and where humans are changed into beasts.","Studio Ghibli, spirit bathhouse, Japanese folklore, coming of age, magic, nostalgic wonder, masterpiece","Rumi Hiiragi, Miyu Irino, Mari Natsuki, Takashi Naito, Yasuko Sawaguchi",Hayao Miyazaki,8.6,850000,https://image.tmdb.org/t/p/w500/393rA7P0qDzoE97WsNn16Vv4vP.jpg,"Spirited Away. Genres: Adventure  Animation  Family  Fantasy. Overview: During her family's move to the suburbs, a sullen 10-year-old girl wanders into a world ruled by gods, witches, and spirits, and where humans are changed into beasts. Themes and keywords: Studio Ghibli, spirit bathhouse, Japanese folklore, coming of age, magic, nostalgic wonder, masterpiece. Starring: Rumi Hiiragi, Miyu Irino, Mari Natsuki, Takashi Naito, Yasuko Sawaguchi. Directed by Hayao Miyazaki."
42,Your Name,2016,"Animation, Drama, Fantasy, Romance","Two strangers find themselves linked in a bizarre way. When a connection forms, will distance be the only thing to keep them apart?","body swapping, comet catastrophe, time slip, emotional yearning, fate, stunning anime visuals, soundtrack","Ryunosuke Kamiki, Mone Kamishiraishi, Ryo Narita, Aoi Yuki",Makoto Shinkai,8.4,320000,https://image.tmdb.org/t/p/w500/q719qXXEzOoYaps6XZawPWhNUm7.jpg,"Your Name. Genres: Animation  Drama  Fantasy  Romance. Overview: Two strangers find themselves linked in a bizarre way. When a connection forms, will distance be the only thing to keep them apart? Themes and keywords: body swapping, comet catastrophe, time slip, emotional yearning, fate, stunning anime visuals, soundtrack. Starring: Ryunosuke Kamiki, Mone Kamishiraishi, Ryo Narita, Aoi Yuki. Directed by Makoto Shinkai."
43,Spider-Man: Into the Spider-Verse,2018,"Action, Adventure, Animation, Sci-Fi",Teen Miles Morales becomes the new Spider-Man and must join with five spider-powered individuals from other dimensions to stop a threat for all realities.,"multiverse, comic book visual style, hip hop soundtrack, father son, leap of faith, coming of age, superheroes","Shameik Moore, Jake Johnson, Hailee Steinfeld, Mahershala Ali, Nicolas Cage","Bob Persichetti, Peter Ramsey, Rodney Rothman",8.4,680000,https://image.tmdb.org/t/p/w500/iiZZdoQBEYBv6id8su7ImL0oCbD.jpg,"Spider-Man: Into the Spider-Verse. Genres: Action  Adventure  Animation  Sci-Fi. Overview: Teen Miles Morales becomes the new Spider-Man and must join with five spider-powered individuals from other dimensions to stop a threat for all realities. Themes and keywords: multiverse, comic book visual style, hip hop soundtrack, father son, leap of faith, coming of age, superheroes. Starring: Shameik Moore, Jake Johnson, Hailee Steinfeld, Mahershala Ali, Nicolas Cage. Directed by Bob Persichetti, Peter Ramsey, Rodney Rothman."
44,The Lord of the Rings: The Fellowship of the Ring,2001,"Action, Adventure, Drama, Fantasy",A meek Hobbit from the Shire and eight companions set out on a journey to destroy the powerful One Ring and save Middle-earth from the Dark Lord Sauron.,"Middle-earth, fellowship, One Ring, wizards, elves, dwarves, epic fantasy quest, friendship","Elijah Wood, Ian McKellen, Viggo Mortensen, Sean Astin, Orlando Bloom",Peter Jackson,8.9,2000000,https://image.tmdb.org/t/p/w500/6oom5QYQ2yQTMJIbnvbkBL9cDK6.jpg,"The Lord of the Rings: The Fellowship of the Ring. Genres: Action  Adventure  Drama  Fantasy. Overview: A meek Hobbit from the Shire and eight companions set out on a journey to destroy the powerful One Ring and save Middle-earth from the Dark Lord Sauron. Themes and keywords: Middle-earth, fellowship, One Ring, wizards, elves, dwarves, epic fantasy quest, friendship. Starring: Elijah Wood, Ian McKellen, Viggo Mortensen, Sean Astin, Orlando Bloom. Directed by Peter Jackson."
45,The Shawshank Redemption,1994,Drama,"Over the course of several years, two convicts form a friendship, seeking consolation and, eventually, redemption through basic compassion.","prison escape, friendship, hope, wrongful conviction, corruption, resilience, timeless masterpiece","Tim Robbins, Morgan Freeman, Bob Gunton, William Sadler, Clancy Brown",Frank Darabont,9.3,2900000,https://image.tmdb.org/t/p/w500/q6y0Go1tsGEsmtFryDOJo3dEmqu.jpg,"The Shawshank Redemption. Genres: Drama. Overview: Over the course of several years, two convicts form a friendship, seeking consolation and, eventually, redemption through basic compassion. Themes and keywords: prison escape, friendship, hope, wrongful conviction, corruption, resilience, timeless masterpiece. Starring: Tim Robbins, Morgan Freeman, Bob Gunton, William Sadler, Clancy Brown. Directed by Frank Darabont."
